date,sku_id,on_hand_units,on_order_units,lead_time_days,reorder_point,daily_forecast,lead_time_demand,available_units,risk,forecast_30d,recommended_action
2025-12-29,SKU0199,7,3,3,10,2.7142857142857144,8.142857142857142,10,Healthy,81.42857142857143,Healthy
2025-12-29,SKU0100,0,0,5,10,1.0,5.0,0,Stockout Risk,30.0,Reorder Now
2025-12-29,SKU0197,0,0,6,23,4.0,24.0,0,Stockout Risk,120.0,Reorder Now
2025-12-29,SKU0070,0,0,10,27,3.857142857142857,38.57142857142857,0,Stockout Risk,115.71428571428572,Reorder Now
2025-12-29,SKU0069,56,3,4,37,9.142857142857142,36.57142857142857,59,Healthy,274.2857142857143,Healthy
2025-12-29,SKU0068,34,0,5,16,2.4285714285714284,12.142857142857142,34,Healthy,72.85714285714285,Healthy
2025-12-29,SKU0067,74,6,9,66,8.714285714285714,78.42857142857142,80,Healthy,261.4285714285714,Healthy
2025-12-29,SKU0066,32,0,12,107,11.714285714285714,140.57142857142856,32,Stockout Risk,351.4285714285714,Reorder Now
2025-12-29,SKU0065,0,0,11,30,3.5714285714285716,39.285714285714285,0,Stockout Risk,107.14285714285715,Reorder Now
2025-12-29,SKU0064,0,0,7,111,18.0,126.0,0,Stockout Risk,540.0,Reorder Now
2025-12-29,SKU0063,23,0,6,16,2.2857142857142856,13.714285714285714,23,Healthy,68.57142857142857,Healthy
2025-12-29,SKU0062,0,0,4,104,19.857142857142858,79.42857142857143,0,Stockout Risk,595.7142857142858,Reorder Now
2025-12-29,SKU0071,0,0,7,42,7.142857142857143,50.0,0,Stockout Risk,214.2857142857143,Reorder Now
2025-12-29,SKU0061,36,15,14,54,5.285714285714286,74.0,51,Stockout Risk,158.57142857142856,Reorder Now
2025-12-29,SKU0059,84,14,7,44,5.0,35.0,98,Healthy,150.0,Healthy
2025-12-29,SKU0058,0,0,3,117,22.571428571428573,67.71428571428572,0,Stockout Risk,677.1428571428572,Reorder Now
2025-12-29,SKU0057,11,0,6,54,10.428571428571429,62.57142857142857,11,Stockout Risk,312.8571428571429,Reorder Now
2025-12-29,SKU0056,0,0,5,41,5.571428571428571,27.857142857142854,0,Stockout Risk,167.14285714285714,Reorder Now
2025-12-29,SKU0055,75,0,7,108,13.0,91.0,75,Stockout Risk,390.0,Reorder Now
2025-12-29,SKU0054,21,7,4,30,8.0,32.0,28,Stockout Risk,240.0,Reorder Now
2025-12-29,SKU0053,0,0,7,104,17.0,119.0,0,Stockout Risk,510.0,Reorder Now
2025-12-29,SKU0052,0,0,13,135,15.285714285714286,198.71428571428572,0,Stockout Risk,458.5714285714286,Reorder Now
2025-12-29,SKU0051,0,44,13,58,5.428571428571429,70.57142857142857,44,Stockout Risk,162.85714285714286,Reorder Now
2025-12-29,SKU0060,0,10,3,10,1.1428571428571428,3.4285714285714284,10,Healthy,34.285714285714285,Healthy
2025-12-29,SKU0072,16,23,9,56,8.857142857142858,79.71428571428572,39,Stockout Risk,265.7142857142857,Reorder Now
2025-12-29,SKU0073,11,0,10,19,1.1428571428571428,11.428571428571427,11,Stockout Risk,34.285714285714285,Reorder Now
2025-12-29,SKU0074,0,0,12,64,8.142857142857142,97.71428571428571,0,Stockout Risk,244.28571428571428,Reorder Now
2025-12-29,SKU0095,31,0,5,50,8.857142857142858,44.28571428571429,31,Stockout Risk,265.7142857142857,Reorder Now
2025-12-29,SKU0094,147,91,3,61,13.142857142857142,39.42857142857143,238,Healthy,394.2857142857143,Healthy
2025-12-29,SKU0093,0,0,14,89,11.714285714285714,164.0,0,Stockout Risk,351.4285714285714,Reorder Now
2025-12-29,SKU0092,27,11,10,74,15.571428571428571,155.71428571428572,38,Stockout Risk,467.1428571428571,Reorder Now
2025-12-29,SKU0091,106,33,14,149,14.571428571428571,204.0,139,Stockout Risk,437.1428571428571,Reorder Now
2025-12-29,SKU0090,46,5,6,39,6.857142857142857,41.14285714285714,51,Healthy,205.7142857142857,Healthy
2025-12-29,SKU0089,363,8,14,241,23.571428571428573,330.0,371,Healthy,707.1428571428572,Healthy
2025-12-29,SKU0088,63,30,6,27,4.428571428571429,26.571428571428573,93,Healthy,132.85714285714286,Healthy
2025-12-29,SKU0087,121,39,6,35,7.571428571428571,45.42857142857143,160,Healthy,227.14285714285714,Healthy
2025-12-29,SKU0086,0,0,9,70,8.0,72.0,0,Stockout Risk,240.0,Reorder Now
2025-12-29,SKU0085,16,80,5,53,11.0,55.0,96,Healthy,330.0,Healthy
2025-12-29,SKU0084,84,0,5,72,9.428571428571429,47.142857142857146,84,Healthy,282.8571428571429,Healthy
2025-12-29,SKU0083,0,0,6,22,4.428571428571429,26.571428571428573,0,Stockout Risk,132.85714285714286,Reorder Now
2025-12-29,SKU0082,0,0,6,120,19.142857142857142,114.85714285714286,0,Stockout Risk,574.2857142857142,Reorder Now
2025-12-29,SKU0081,0,4,6,11,2.2857142857142856,13.714285714285714,4,Stockout Risk,68.57142857142857,Reorder Now
2025-12-29,SKU0080,167,39,11,64,10.571428571428571,116.28571428571428,206,Healthy,317.1428571428571,Healthy
2025-12-29,SKU0079,87,0,7,66,10.142857142857142,71.0,87,Healthy,304.2857142857143,Healthy
2025-12-29,SKU0078,74,8,6,62,12.428571428571429,74.57142857142857,82,Healthy,372.8571428571429,Healthy
2025-12-29,SKU0077,0,0,10,90,12.285714285714286,122.85714285714286,0,Stockout Risk,368.5714285714286,Reorder Now
2025-12-29,SKU0076,57,0,14,24,4.0,56.0,57,Healthy,120.0,Healthy
2025-12-29,SKU0075,33,72,4,51,10.142857142857142,40.57142857142857,105,Healthy,304.2857142857143,Healthy
2025-12-29,SKU0050,0,0,8,103,15.0,120.0,0,Stockout Risk,450.0,Reorder Now
2025-12-29,SKU0049,0,0,3,76,13.571428571428571,40.714285714285715,0,Stockout Risk,407.1428571428571,Reorder Now
2025-12-29,SKU0048,0,0,12,22,2.0,24.0,0,Stockout Risk,60.0,Reorder Now
2025-12-29,SKU0047,0,0,5,69,9.142857142857142,45.71428571428571,0,Stockout Risk,274.2857142857143,Reorder Now
2025-12-29,SKU0021,0,0,6,146,23.571428571428573,141.42857142857144,0,Stockout Risk,707.1428571428572,Reorder Now
2025-12-29,SKU0020,0,89,12,87,10.428571428571429,125.14285714285714,89,Stockout Risk,312.8571428571429,Reorder Now
2025-12-29,SKU0019,74,0,8,20,2.857142857142857,22.857142857142858,74,Healthy,85.71428571428572,Healthy
2025-12-29,SKU0018,0,0,3,42,12.571428571428571,37.714285714285715,0,Stockout Risk,377.1428571428571,Reorder Now
2025-12-29,SKU0017,0,0,14,74,7.0,98.0,0,Stockout Risk,210.0,Reorder Now
2025-12-29,SKU0016,45,66,14,98,10.857142857142858,152.0,111,Stockout Risk,325.7142857142857,Reorder Now
2025-12-29,SKU0015,142,0,5,45,10.571428571428571,52.857142857142854,142,Healthy,317.1428571428571,Healthy
2025-12-29,SKU0014,0,0,10,110,15.428571428571429,154.28571428571428,0,Stockout Risk,462.8571428571429,Reorder Now
2025-12-29,SKU0013,0,0,7,52,8.571428571428571,60.0,0,Stockout Risk,257.1428571428571,Reorder Now
2025-12-29,SKU0012,0,0,6,36,6.142857142857143,36.85714285714286,0,Stockout Risk,184.2857142857143,Reorder Now
2025-12-29,SKU0011,0,16,13,25,2.2857142857142856,29.71428571428571,16,Stockout Risk,68.57142857142857,Reorder Now
2025-12-29,SKU0010,0,0,13,236,21.428571428571427,278.57142857142856,0,Stockout Risk,642.8571428571428,Reorder Now
2025-12-29,SKU0009,172,0,4,45,8.285714285714286,33.142857142857146,172,Healthy,248.57142857142858,Healthy
2025-12-29,SKU0008,0,0,4,23,3.2857142857142856,13.142857142857142,0,Stockout Risk,98.57142857142857,Reorder Now
2025-12-29,SKU0007,40,0,14,73,9.428571428571429,132.0,40,Stockout Risk,282.8571428571429,Reorder Now
2025-12-29,SKU0006,61,4,13,37,5.428571428571429,70.57142857142857,65,Stockout Risk,162.85714285714286,Reorder Now
2025-12-29,SKU0005,179,58,6,214,30.857142857142858,185.14285714285714,237,Healthy,925.7142857142858,Healthy
2025-12-29,SKU0004,25,11,13,41,5.428571428571429,70.57142857142857,36,Stockout Risk,162.85714285714286,Reorder Now
2025-12-29,SKU0003,72,5,6,26,2.7142857142857144,16.285714285714285,77,Healthy,81.42857142857143,Healthy
2025-12-29,SKU0002,0,0,6,71,15.857142857142858,95.14285714285714,0,Stockout Risk,475.7142857142857,Reorder Now
2025-12-29,SKU0001,144,19,4,96,18.714285714285715,74.85714285714286,163,Healthy,561.4285714285714,Healthy
2025-12-29,SKU0022,112,0,14,132,12.142857142857142,170.0,112,Stockout Risk,364.2857142857143,Reorder Now
2025-12-29,SKU0096,0,0,9,28,2.5714285714285716,23.142857142857146,0,Stockout Risk,77.14285714285715,Reorder Now
2025-12-29,SKU0023,23,0,3,30,5.714285714285714,17.142857142857142,23,Healthy,171.42857142857144,Healthy
2025-12-29,SKU0025,0,0,3,77,17.714285714285715,53.142857142857146,0,Stockout Risk,531.4285714285714,Reorder Now
2025-12-29,SKU0046,0,0,4,11,1.2857142857142858,5.142857142857143,0,Stockout Risk,38.57142857142858,Reorder Now
2025-12-29,SKU0045,0,0,7,110,17.428571428571427,121.99999999999999,0,Stockout Risk,522.8571428571428,Reorder Now
2025-12-29,SKU0044,0,12,13,21,2.857142857142857,37.142857142857146,12,Stockout Risk,85.71428571428572,Reorder Now
2025-12-29,SKU0043,0,0,5,38,6.0,30.0,0,Stockout Risk,180.0,Reorder Now
2025-12-29,SKU0042,0,0,7,74,11.714285714285714,82.0,0,Stockout Risk,351.4285714285714,Reorder Now
2025-12-29,SKU0041,0,0,11,38,6.571428571428571,72.28571428571428,0,Stockout Risk,197.14285714285714,Reorder Now
2025-12-29,SKU0040,143,0,10,79,9.0,90.0,143,Healthy,270.0,Healthy
2025-12-29,SKU0039,46,14,3,31,7.857142857142857,23.57142857142857,60,Healthy,235.7142857142857,Healthy
2025-12-29,SKU0038,0,0,13,42,5.0,65.0,0,Stockout Risk,150.0,Reorder Now
2025-12-29,SKU0037,19,0,10,70,7.714285714285714,77.14285714285714,19,Stockout Risk,231.42857142857144,Reorder Now
2025-12-29,SKU0036,66,29,8,81,8.285714285714286,66.28571428571429,95,Healthy,248.57142857142858,Healthy
2025-12-29,SKU0035,23,0,4,16,2.4285714285714284,9.714285714285714,23,Healthy,72.85714285714285,Healthy
2025-12-29,SKU0034,0,0,14,45,3.5714285714285716,50.0,0,Stockout Risk,107.14285714285715,Reorder Now
2025-12-29,SKU0033,87,6,10,105,10.714285714285714,107.14285714285714,93,Stockout Risk,321.4285714285714,Reorder Now
2025-12-29,SKU0032,0,0,7,99,13.0,91.0,0,Stockout Risk,390.0,Reorder Now
2025-12-29,SKU0031,39,9,11,103,12.285714285714286,135.14285714285714,48,Stockout Risk,368.5714285714286,Reorder Now
2025-12-29,SKU0030,85,5,6,25,5.0,30.0,90,Healthy,150.0,Healthy
2025-12-29,SKU0029,0,0,3,35,8.714285714285714,26.14285714285714,0,Stockout Risk,261.4285714285714,Reorder Now
2025-12-29,SKU0028,0,0,4,10,2.2857142857142856,9.142857142857142,0,Stockout Risk,68.57142857142857,Reorder Now
2025-12-29,SKU0027,0,0,14,299,31.857142857142858,446.0,0,Stockout Risk,955.7142857142858,Reorder Now
2025-12-29,SKU0026,0,0,14,27,2.2857142857142856,32.0,0,Stockout Risk,68.57142857142857,Reorder Now
2025-12-29,SKU0024,22,0,11,60,7.857142857142857,86.42857142857143,22,Stockout Risk,235.7142857142857,Reorder Now
2025-12-29,SKU0097,143,34,13,179,24.0,312.0,177,Stockout Risk,720.0,Reorder Now
2025-12-29,SKU0098,0,0,5,63,12.0,60.0,0,Stockout Risk,360.0,Reorder Now
2025-12-29,SKU0099,0,43,4,36,8.0,32.0,43,Healthy,240.0,Healthy
2025-12-29,SKU0171,0,53,9,69,9.857142857142858,88.71428571428572,53,Stockout Risk,295.7142857142857,Reorder Now
2025-12-29,SKU0170,53,26,6,49,7.857142857142857,47.14285714285714,79,Healthy,235.7142857142857,Healthy
2025-12-29,SKU0169,0,0,12,184,19.714285714285715,236.57142857142858,0,Stockout Risk,591.4285714285714,Reorder Now
2025-12-29,SKU0168,0,0,9,45,9.142857142857142,82.28571428571428,0,Stockout Risk,274.2857142857143,Reorder Now
2025-12-29,SKU0167,0,0,12,121,14.428571428571429,173.14285714285714,0,Stockout Risk,432.8571428571429,Reorder Now
2025-12-29,SKU0166,286,8,14,157,18.714285714285715,262.0,294,Healthy,561.4285714285714,Healthy
2025-12-29,SKU0165,69,56,5,34,6.0,30.0,125,Healthy,180.0,Healthy
2025-12-29,SKU0164,59,19,12,99,10.0,120.0,78,Stockout Risk,300.0,Reorder Now
2025-12-29,SKU0163,31,0,4,33,6.142857142857143,24.571428571428573,31,Healthy,184.2857142857143,Healthy
2025-12-29,SKU0162,52,67,7,58,8.285714285714286,58.00000000000001,119,Healthy,248.57142857142858,Healthy
2025-12-29,SKU0161,70,0,4,42,8.714285714285714,34.857142857142854,70,Healthy,261.4285714285714,Healthy
2025-12-29,SKU0160,36,0,12,106,10.142857142857142,121.71428571428571,36,Stockout Risk,304.2857142857143,Reorder Now
2025-12-29,SKU0159,0,0,14,103,10.0,140.0,0,Stockout Risk,300.0,Reorder Now
2025-12-29,SKU0158,37,0,6,45,7.285714285714286,43.714285714285715,37,Stockout Risk,218.57142857142856,Reorder Now
2025-12-29,SKU0157,74,0,8,44,5.857142857142857,46.857142857142854,74,Healthy,175.7142857142857,Healthy
2025-12-29,SKU0156,22,0,14,80,8.0,112.0,22,Stockout Risk,240.0,Reorder Now
2025-12-29,SKU0155,0,0,4,35,4.571428571428571,18.285714285714285,0,Stockout Risk,137.14285714285714,Reorder Now
2025-12-29,SKU0154,322,0,13,264,24.142857142857142,313.85714285714283,322,Healthy,724.2857142857142,Healthy
2025-12-29,SKU0153,0,0,5,37,3.857142857142857,19.285714285714285,0,Stockout Risk,115.71428571428572,Reorder Now
2025-12-29,SKU0152,72,0,13,51,3.7142857142857144,48.285714285714285,72,Healthy,111.42857142857143,Healthy
2025-12-29,SKU0151,12,4,3,13,4.142857142857143,12.42857142857143,16,Healthy,124.28571428571429,Healthy
2025-12-29,SKU0172,88,8,4,37,7.857142857142857,31.428571428571427,96,Healthy,235.7142857142857,Healthy
2025-12-29,SKU0150,0,65,4,59,12.428571428571429,49.714285714285715,65,Healthy,372.8571428571429,Healthy
2025-12-29,SKU0173,7,0,13,62,9.285714285714286,120.71428571428572,7,Stockout Risk,278.5714285714286,Reorder Now
2025-12-29,SKU0175,64,7,6,59,8.857142857142858,53.142857142857146,71,Healthy,265.7142857142857,Healthy
2025-12-29,SKU0196,0,0,14,136,10.714285714285714,150.0,0,Stockout Risk,321.4285714285714,Reorder Now
2025-12-29,SKU0195,0,40,5,45,7.142857142857143,35.714285714285715,40,Healthy,214.2857142857143,Healthy
2025-12-29,SKU0194,0,181,14,185,20.142857142857142,282.0,181,Stockout Risk,604.2857142857142,Reorder Now
2025-12-29,SKU0193,0,45,5,48,8.285714285714286,41.42857142857143,45,Healthy,248.57142857142858,Healthy
2025-12-29,SKU0192,218,10,13,89,8.285714285714286,107.71428571428572,228,Healthy,248.57142857142858,Healthy
2025-12-29,SKU0191,18,0,11,23,3.0,33.0,18,Stockout Risk,90.0,Reorder Now
2025-12-29,SKU0190,0,85,3,114,27.285714285714285,81.85714285714286,85,Healthy,818.5714285714286,Healthy
2025-12-29,SKU0189,88,0,10,86,10.571428571428571,105.71428571428571,88,Stockout Risk,317.1428571428571,Reorder Now
2025-12-29,SKU0188,0,0,14,74,7.0,98.0,0,Stockout Risk,210.0,Reorder Now
2025-12-29,SKU0187,14,7,11,44,4.571428571428571,50.285714285714285,21,Stockout Risk,137.14285714285714,Reorder Now
2025-12-29,SKU0186,39,3,14,125,13.857142857142858,194.0,42,Stockout Risk,415.7142857142857,Reorder Now
2025-12-29,SKU0185,21,2,8,16,1.1428571428571428,9.142857142857142,23,Healthy,34.285714285714285,Healthy
2025-12-29,SKU0184,0,67,14,96,10.571428571428571,148.0,67,Stockout Risk,317.1428571428571,Reorder Now
2025-12-29,SKU0183,0,0,10,71,8.857142857142858,88.57142857142858,0,Stockout Risk,265.7142857142857,Reorder Now
2025-12-29,SKU0182,0,77,8,83,14.714285714285714,117.71428571428571,77,Stockout Risk,441.4285714285714,Reorder Now
2025-12-29,SKU0181,0,0,9,105,12.428571428571429,111.85714285714286,0,Stockout Risk,372.8571428571429,Reorder Now
2025-12-29,SKU0180,171,0,9,49,8.0,72.0,171,Healthy,240.0,Healthy
2025-12-29,SKU0179,182,0,7,77,12.571428571428571,88.0,182,Healthy,377.1428571428571,Healthy
2025-12-29,SKU0178,0,0,4,33,5.714285714285714,22.857142857142858,0,Stockout Risk,171.42857142857144,Reorder Now
2025-12-29,SKU0177,0,0,7,44,7.857142857142857,55.0,0,Stockout Risk,235.7142857142857,Reorder Now
2025-12-29,SKU0176,320,31,10,149,17.857142857142858,178.57142857142858,351,Healthy,535.7142857142858,Healthy
2025-12-29,SKU0174,49,3,10,46,8.571428571428571,85.71428571428571,52,Stockout Risk,257.1428571428571,Reorder Now
2025-12-29,SKU0198,138,48,9,178,23.428571428571427,210.85714285714283,186,Stockout Risk,702.8571428571428,Reorder Now
2025-12-29,SKU0149,0,0,8,60,9.571428571428571,76.57142857142857,0,Stockout Risk,287.1428571428571,Reorder Now
2025-12-29,SKU0147,0,0,5,62,12.428571428571429,62.142857142857146,0,Stockout Risk,372.8571428571429,Reorder Now
2025-12-29,SKU0121,0,0,6,65,11.714285714285714,70.28571428571428,0,Stockout Risk,351.4285714285714,Reorder Now
2025-12-29,SKU0120,0,0,7,72,7.571428571428571,53.0,0,Stockout Risk,227.14285714285714,Reorder Now
2025-12-29,SKU0119,0,0,8,30,4.142857142857143,33.142857142857146,0,Stockout Risk,124.28571428571429,Reorder Now
2025-12-29,SKU0118,0,0,7,65,12.0,84.0,0,Stockout Risk,360.0,Reorder Now
2025-12-29,SKU0117,0,0,12,46,4.285714285714286,51.42857142857143,0,Stockout Risk,128.57142857142856,Reorder Now
2025-12-29,SKU0116,22,1,12,56,6.0,72.0,23,Stockout Risk,180.0,Reorder Now
2025-12-29,SKU0115,0,0,7,41,8.142857142857142,57.0,0,Stockout Risk,244.28571428571428,Reorder Now
2025-12-29,SKU0114,548,18,13,284,21.714285714285715,282.2857142857143,566,Healthy,651.4285714285714,Healthy
2025-12-29,SKU0113,105,56,12,114,13.142857142857142,157.71428571428572,161,Healthy,394.2857142857143,Healthy
2025-12-29,SKU0112,24,10,7,49,5.142857142857143,36.0,34,Stockout Risk,154.2857142857143,Reorder Now
2025-12-29,SKU0111,0,0,11,133,16.0,176.0,0,Stockout Risk,480.0,Reorder Now
2025-12-29,SKU0110,102,0,12,186,20.714285714285715,248.57142857142858,102,Stockout Risk,621.4285714285714,Reorder Now
2025-12-29,SKU0109,8,3,11,16,2.2857142857142856,25.142857142857142,11,Stockout Risk,68.57142857142857,Reorder Now
2025-12-29,SKU0108,60,0,10,105,12.714285714285714,127.14285714285714,60,Stockout Risk,381.4285714285714,Reorder Now
2025-12-29,SKU0107,0,0,10,28,4.0,40.0,0,Stockout Risk,120.0,Reorder Now
2025-12-29,SKU0106,55,0,4,22,5.714285714285714,22.857142857142858,55,Healthy,171.42857142857144,Healthy
2025-12-29,SKU0105,0,0,9,88,11.428571428571429,102.85714285714286,0,Stockout Risk,342.8571428571429,Reorder Now
2025-12-29,SKU0104,0,0,13,57,6.857142857142857,89.14285714285714,0,Stockout Risk,205.7142857142857,Reorder Now
2025-12-29,SKU0103,0,0,8,150,18.0,144.0,0,Stockout Risk,540.0,Reorder Now
2025-12-29,SKU0102,133,0,4,57,12.142857142857142,48.57142857142857,133,Healthy,364.2857142857143,Healthy
2025-12-29,SKU0101,0,0,3,44,9.714285714285714,29.14285714285714,0,Stockout Risk,291.4285714285714,Reorder Now
2025-12-29,SKU0122,0,37,9,43,8.428571428571429,75.85714285714286,37,Stockout Risk,252.85714285714286,Reorder Now
2025-12-29,SKU0148,0,0,12,19,2.142857142857143,25.714285714285715,0,Stockout Risk,64.28571428571428,Reorder Now
2025-12-29,SKU0123,0,0,6,23,3.2857142857142856,19.714285714285715,0,Stockout Risk,98.57142857142857,Reorder Now
2025-12-29,SKU0125,0,0,8,38,9.428571428571429,75.42857142857143,0,Stockout Risk,282.8571428571429,Reorder Now
2025-12-29,SKU0146,0,0,3,64,13.571428571428571,40.714285714285715,0,Stockout Risk,407.1428571428571,Reorder Now
2025-12-29,SKU0145,34,0,14,53,5.142857142857143,72.0,34,Stockout Risk,154.2857142857143,Reorder Now
2025-12-29,SKU0144,14,2,14,45,3.2857142857142856,46.0,16,Stockout Risk,98.57142857142857,Reorder Now
2025-12-29,SKU0143,0,0,11,50,5.0,55.0,0,Stockout Risk,150.0,Reorder Now
2025-12-29,SKU0142,0,0,10,94,10.428571428571429,104.28571428571429,0,Stockout Risk,312.8571428571429,Reorder Now
2025-12-29,SKU0141,0,0,13,37,4.857142857142857,63.14285714285714,0,Stockout Risk,145.7142857142857,Reorder Now
2025-12-29,SKU0140,2,122,9,108,12.571428571428571,113.14285714285714,124,Healthy,377.1428571428571,Healthy
2025-12-29,SKU0139,0,0,6,46,9.285714285714286,55.71428571428572,0,Stockout Risk,278.5714285714286,Reorder Now
2025-12-29,SKU0138,350,0,14,211,18.285714285714285,256.0,350,Healthy,548.5714285714286,Healthy
2025-12-29,SKU0137,97,45,4,36,9.0,36.0,142,Healthy,270.0,Healthy
2025-12-29,SKU0136,41,3,9,45,6.0,54.0,44,Stockout Risk,180.0,Reorder Now
2025-12-29,SKU0135,346,168,12,349,39.0,468.0,514,Healthy,1170.0,Healthy
2025-12-29,SKU0134,0,0,13,45,4.714285714285714,61.285714285714285,0,Stockout Risk,141.42857142857144,Reorder Now
2025-12-29,SKU0133,0,176,9,151,26.142857142857142,235.28571428571428,176,Stockout Risk,784.2857142857142,Reorder Now
2025-12-29,SKU0132,344,0,11,178,21.428571428571427,235.7142857142857,344,Healthy,642.8571428571428,Healthy
2025-12-29,SKU0131,0,0,3,84,22.0,66.0,0,Stockout Risk,660.0,Reorder Now
2025-12-29,SKU0130,109,0,10,87,9.285714285714286,92.85714285714286,109,Healthy,278.5714285714286,Healthy
2025-12-29,SKU0129,0,0,8,36,5.857142857142857,46.857142857142854,0,Stockout Risk,175.7142857142857,Reorder Now
2025-12-29,SKU0128,0,0,12,41,3.7142857142857144,44.57142857142857,0,Stockout Risk,111.42857142857143,Reorder Now
2025-12-29,SKU0127,0,0,8,69,8.428571428571429,67.42857142857143,0,Stockout Risk,252.85714285714286,Reorder Now
2025-12-29,SKU0126,0,0,8,91,18.857142857142858,150.85714285714286,0,Stockout Risk,565.7142857142858,Reorder Now
2025-12-29,SKU0124,26,0,3,10,1.4285714285714286,4.285714285714286,26,Healthy,42.85714285714286,Healthy
2025-12-29,SKU0200,0,0,4,23,6.857142857142857,27.428571428571427,0,Stockout Risk,205.7142857142857,Reorder Now
