sku_id,category,subcategory,launch_date,unit_cost,list_price
SKU0001,Furniture,Coffee Table,2025-01-21,4090.19,9209.18
SKU0002,Decor,Wall Art,2024-12-14,1074.05,2550.23
SKU0003,Small Appliances,Kettle,2025-01-15,7128.06,10581.74
SKU0004,Lighting,Night Light,2024-08-13,3494.48,8118.04
SKU0005,Furniture,Chair,2024-11-17,7449.16,13524.58
SKU0006,Decor,Candle,2024-04-23,5102.62,7230.45
SKU0007,Small Appliances,Air Fryer,2025-02-17,5777.06,12397.53
SKU0008,Lighting,Desk Lamp,2024-06-26,8743.61,20003.43
SKU0009,Furniture,Chair,2025-01-24,1953.09,3593.8
SKU0010,Decor,Candle,2024-01-22,1600.03,3307.58
SKU0011,Small Appliances,Air Fryer,2025-01-07,8715.71,14748.0
SKU0012,Lighting,Night Light,2024-07-04,4358.61,6751.25
SKU0013,Furniture,Shelf,2024-03-05,4412.42,7008.05
SKU0014,Decor,Candle,2024-11-30,4075.08,9064.25
SKU0015,Small Appliances,Kettle,2024-12-16,2983.21,6634.28
SKU0016,Lighting,Pendant Light,2025-02-06,3640.44,6016.72
SKU0017,Furniture,Side Table,2024-12-07,1472.83,2297.47
SKU0018,Decor,Cushion,2024-01-04,7135.59,14614.35
SKU0019,Small Appliances,Toaster,2024-12-18,7081.38,12972.11
SKU0020,Lighting,Pendant Light,2024-10-11,1473.22,2166.01
SKU0021,Furniture,Shelf,2024-11-30,4372.09,8497.15
SKU0022,Decor,Wall Art,2025-01-17,5803.79,11208.62
SKU0023,Small Appliances,Coffee Maker,2024-10-06,2909.56,4022.06
SKU0024,Lighting,Floor Lamp,2024-08-06,2127.62,3784.94
SKU0025,Furniture,Stool,2025-03-02,2296.97,3241.53
SKU0026,Decor,Cushion,2024-05-20,2818.95,5764.79
SKU0027,Small Appliances,Coffee Maker,2024-10-05,7109.11,14556.11
SKU0028,Lighting,Pendant Light,2024-07-22,7372.68,11245.71
SKU0029,Furniture,Side Table,2024-01-12,1037.92,2188.43
SKU0030,Decor,Mirror,2024-08-18,1661.13,3116.44
SKU0031,Small Appliances,Air Fryer,2024-03-17,6342.8,11534.15
SKU0032,Lighting,Table Lamp,2024-07-09,2888.23,5810.53
SKU0033,Furniture,Chair,2024-06-29,1016.94,1498.87
SKU0034,Decor,Vase,2025-04-25,8200.08,17094.65
SKU0035,Small Appliances,Toaster,2024-05-12,8730.29,18924.55
SKU0036,Lighting,Floor Lamp,2024-12-24,4181.91,6840.99
SKU0037,Furniture,Coffee Table,2024-02-18,8147.77,14898.73
SKU0038,Decor,Mirror,2024-04-11,2927.12,5731.83
SKU0039,Small Appliances,Toaster,2024-03-29,7745.37,16625.01
SKU0040,Lighting,Pendant Light,2024-12-25,4030.81,8096.58
SKU0041,Furniture,Coffee Table,2024-10-19,5936.16,8540.15
SKU0042,Decor,Mirror,2024-07-26,614.12,1147.6
SKU0043,Small Appliances,Coffee Maker,2024-06-13,1514.59,2209.14
SKU0044,Lighting,Table Lamp,2024-10-20,1742.69,4045.44
SKU0045,Furniture,Stool,2024-10-17,3285.11,6473.18
SKU0046,Decor,Vase,2024-01-12,8637.39,16034.61
SKU0047,Small Appliances,Toaster,2025-01-26,973.89,1812.4
SKU0048,Lighting,Desk Lamp,2024-09-02,8455.98,16491.82
SKU0049,Furniture,Shelf,2024-08-24,2586.04,4391.48
SKU0050,Decor,Candle,2024-09-17,4090.48,5614.97
SKU0051,Small Appliances,Blender,2025-02-17,8091.41,12114.96
SKU0052,Lighting,Floor Lamp,2024-10-04,1200.04,2467.1
SKU0053,Furniture,Coffee Table,2024-05-20,6019.95,12722.23
SKU0054,Decor,Cushion,2025-01-19,1192.73,2757.37
SKU0055,Small Appliances,Air Fryer,2024-04-25,577.36,1115.8
SKU0056,Lighting,Pendant Light,2024-07-04,7510.66,16513.42
SKU0057,Furniture,Stool,2024-06-07,8587.87,14216.91
SKU0058,Decor,Mirror,2024-09-14,2489.69,5808.06
SKU0059,Small Appliances,Coffee Maker,2024-03-23,642.97,1161.75
SKU0060,Lighting,Night Light,2025-05-11,8052.18,17199.77
SKU0061,Furniture,Stool,2025-03-21,8067.66,15286.61
SKU0062,Decor,Candle,2024-06-06,7005.11,14323.66
SKU0063,Small Appliances,Toaster,2024-07-05,1076.58,2297.56
SKU0064,Lighting,Floor Lamp,2024-05-11,8447.12,13540.89
SKU0065,Furniture,Coffee Table,2024-03-02,7522.24,11365.72
SKU0066,Decor,Mirror,2024-03-30,5494.6,12463.35
SKU0067,Small Appliances,Coffee Maker,2024-04-08,2965.33,6423.72
SKU0068,Lighting,Floor Lamp,2025-04-30,4631.49,6952.29
SKU0069,Furniture,Stool,2024-01-07,2259.49,3363.06
SKU0070,Decor,Wall Art,2024-12-04,1316.03,2476.3
SKU0071,Small Appliances,Air Fryer,2024-12-13,5334.77,8320.98
SKU0072,Lighting,Night Light,2025-02-06,6509.81,13839.42
SKU0073,Furniture,Stool,2024-03-06,1332.85,3097.46
SKU0074,Decor,Wall Art,2024-07-17,2883.3,5371.63
SKU0075,Small Appliances,Toaster,2024-11-27,8611.7,14215.92
SKU0076,Lighting,Night Light,2025-04-07,467.52,903.7
SKU0077,Furniture,Coffee Table,2024-11-12,1176.6,1761.79
SKU0078,Decor,Mirror,2024-07-28,8704.53,17198.8
SKU0079,Small Appliances,Coffee Maker,2025-04-11,7288.16,13415.69
SKU0080,Lighting,Desk Lamp,2025-01-27,406.07,594.73
SKU0081,Furniture,Side Table,2025-02-18,7222.15,11514.08
SKU0082,Decor,Vase,2024-09-22,5552.64,12555.22
SKU0083,Small Appliances,Kettle,2024-10-28,3860.0,6727.57
SKU0084,Lighting,Night Light,2024-07-31,5954.4,13462.1
SKU0085,Furniture,Side Table,2024-08-14,2418.6,3866.12
SKU0086,Decor,Cushion,2025-01-08,7394.98,10800.68
SKU0087,Small Appliances,Air Fryer,2024-02-03,5451.29,8195.92
SKU0088,Lighting,Table Lamp,2025-02-16,2965.43,4451.3
SKU0089,Furniture,Stool,2025-04-05,1698.4,2800.59
SKU0090,Decor,Candle,2024-03-17,1260.54,1729.72
SKU0091,Small Appliances,Kettle,2024-01-28,1778.11,2500.11
SKU0092,Lighting,Pendant Light,2024-10-22,6206.25,10943.55
SKU0093,Furniture,Stool,2024-06-07,4664.6,10582.84
SKU0094,Decor,Mirror,2025-03-01,630.41,971.19
SKU0095,Small Appliances,Air Fryer,2024-04-28,2432.14,4742.17
SKU0096,Lighting,Night Light,2024-07-27,680.97,1186.45
SKU0097,Furniture,Stool,2024-09-18,1139.63,2535.83
SKU0098,Decor,Wall Art,2024-01-26,8342.37,12130.38
SKU0099,Small Appliances,Air Fryer,2025-02-25,8148.22,19380.94
SKU0100,Lighting,Floor Lamp,2025-02-05,7070.43,14314.85
SKU0101,Furniture,Chair,2025-01-24,1427.33,2730.3
SKU0102,Decor,Vase,2024-09-14,7753.76,14235.43
SKU0103,Small Appliances,Kettle,2024-07-11,5846.18,9528.03
SKU0104,Lighting,Table Lamp,2024-03-10,4431.43,7922.22
SKU0105,Furniture,Chair,2024-04-26,3465.73,6012.04
SKU0106,Decor,Mirror,2024-06-12,3570.31,7390.65
SKU0107,Small Appliances,Blender,2024-05-28,8552.51,19774.82
SKU0108,Lighting,Night Light,2024-08-28,3123.16,5972.13
SKU0109,Furniture,Stool,2025-02-28,5960.14,13080.19
SKU0110,Decor,Candle,2024-09-23,5788.03,9565.09
SKU0111,Small Appliances,Coffee Maker,2025-01-02,2021.04,4202.83
SKU0112,Lighting,Pendant Light,2025-03-06,1405.9,2804.91
SKU0113,Furniture,Chair,2024-02-17,6600.01,9495.55
SKU0114,Decor,Candle,2025-04-12,1452.32,3422.86
SKU0115,Small Appliances,Coffee Maker,2025-02-04,5444.72,11824.6
SKU0116,Lighting,Night Light,2025-02-01,8527.74,13781.28
SKU0117,Furniture,Chair,2024-10-22,1081.68,2160.09
SKU0118,Decor,Wall Art,2024-03-26,5193.32,10132.44
SKU0119,Small Appliances,Toaster,2024-08-20,4823.03,10379.74
SKU0120,Lighting,Night Light,2025-02-03,4556.34,9019.61
SKU0121,Furniture,Coffee Table,2025-04-10,1297.67,1911.41
SKU0122,Decor,Mirror,2024-02-13,6006.3,10748.51
SKU0123,Small Appliances,Air Fryer,2025-01-22,6123.27,10411.52
SKU0124,Lighting,Desk Lamp,2025-03-25,6922.16,11311.24
SKU0125,Furniture,Chair,2024-07-01,3001.35,4548.52
SKU0126,Decor,Cushion,2024-03-14,8441.12,15276.73
SKU0127,Small Appliances,Kettle,2024-07-10,6634.75,12809.33
SKU0128,Lighting,Night Light,2025-04-13,7077.64,13117.26
SKU0129,Furniture,Coffee Table,2024-07-07,8883.03,18686.77
SKU0130,Decor,Cushion,2025-04-20,1286.69,2886.12
SKU0131,Small Appliances,Air Fryer,2024-11-14,1316.81,2591.05
SKU0132,Lighting,Table Lamp,2024-12-09,357.65,653.44
SKU0133,Furniture,Chair,2025-02-16,2834.39,5191.12
SKU0134,Decor,Vase,2024-08-09,2891.86,6692.82
SKU0135,Small Appliances,Kettle,2025-01-25,1217.65,2918.57
SKU0136,Lighting,Table Lamp,2025-03-15,2734.2,6093.82
SKU0137,Furniture,Coffee Table,2024-02-23,8992.17,18424.68
SKU0138,Decor,Wall Art,2024-11-21,1041.36,2386.68
SKU0139,Small Appliances,Air Fryer,2024-01-15,2357.25,3536.28
SKU0140,Lighting,Night Light,2025-01-23,1984.29,4576.11
SKU0141,Furniture,Side Table,2024-11-24,566.42,767.9
SKU0142,Decor,Wall Art,2024-01-26,5551.85,12167.19
SKU0143,Small Appliances,Air Fryer,2024-04-29,7682.33,10832.8
SKU0144,Lighting,Desk Lamp,2025-02-04,8368.21,18081.31
SKU0145,Furniture,Stool,2024-12-15,7582.33,10555.81
SKU0146,Decor,Candle,2024-04-10,1343.08,2524.66
SKU0147,Small Appliances,Toaster,2025-01-07,5762.6,12929.47
SKU0148,Lighting,Pendant Light,2024-03-18,6677.93,10368.78
SKU0149,Furniture,Coffee Table,2024-05-15,6461.67,15373.7
SKU0150,Decor,Mirror,2024-11-01,726.88,1451.67
SKU0151,Small Appliances,Coffee Maker,2024-01-22,7986.27,16731.69
SKU0152,Lighting,Pendant Light,2024-03-27,1052.56,1623.79
SKU0153,Furniture,Side Table,2025-05-05,4262.41,9263.43
SKU0154,Decor,Vase,2024-11-14,5258.62,7900.48
SKU0155,Small Appliances,Blender,2025-04-18,2886.75,5649.13
SKU0156,Lighting,Pendant Light,2024-12-15,5930.79,13863.96
SKU0157,Furniture,Coffee Table,2024-03-15,4698.09,8335.52
SKU0158,Decor,Cushion,2024-08-25,1293.15,1927.83
SKU0159,Small Appliances,Air Fryer,2024-05-19,2916.17,5247.06
SKU0160,Lighting,Desk Lamp,2024-11-01,5803.0,10343.28
SKU0161,Furniture,Coffee Table,2024-07-23,2154.25,4238.96
SKU0162,Decor,Mirror,2024-06-07,565.52,1011.9
SKU0163,Small Appliances,Toaster,2024-08-25,2223.94,4339.09
SKU0164,Lighting,Floor Lamp,2024-10-09,6392.52,12979.03
SKU0165,Furniture,Shelf,2024-11-22,3016.87,6567.13
SKU0166,Decor,Vase,2024-10-01,4024.91,8079.25
SKU0167,Small Appliances,Toaster,2024-06-29,4736.47,10058.09
SKU0168,Lighting,Pendant Light,2025-03-19,8309.25,15611.54
SKU0169,Furniture,Chair,2024-09-17,7248.87,12179.36
SKU0170,Decor,Candle,2025-02-22,4573.74,6730.94
SKU0171,Small Appliances,Coffee Maker,2024-02-06,7617.44,10727.99
SKU0172,Lighting,Table Lamp,2024-05-20,3173.64,4860.89
SKU0173,Furniture,Chair,2024-06-05,6748.56,9214.6
SKU0174,Decor,Candle,2025-02-17,7744.8,13482.73
SKU0175,Small Appliances,Kettle,2024-03-17,5507.35,8126.96
SKU0176,Lighting,Pendant Light,2024-07-01,8636.26,20685.9
SKU0177,Furniture,Shelf,2025-01-21,2970.91,6155.87
SKU0178,Decor,Wall Art,2024-12-18,3643.61,7370.78
SKU0179,Small Appliances,Blender,2024-01-06,2079.25,3953.37
SKU0180,Lighting,Pendant Light,2024-03-22,1701.69,3791.57
SKU0181,Furniture,Stool,2025-05-09,5114.73,11411.08
SKU0182,Decor,Cushion,2025-05-10,1488.96,2710.89
SKU0183,Small Appliances,Air Fryer,2024-07-15,950.43,2036.86
SKU0184,Lighting,Table Lamp,2024-08-04,4356.61,6570.67
SKU0185,Furniture,Side Table,2024-03-31,8187.16,11436.49
SKU0186,Decor,Mirror,2024-04-26,2805.52,5231.47
SKU0187,Small Appliances,Air Fryer,2024-10-20,4566.29,6567.79
SKU0188,Lighting,Floor Lamp,2024-05-01,7631.4,15411.37
SKU0189,Furniture,Shelf,2024-11-20,6114.28,13152.11
SKU0190,Decor,Mirror,2024-01-30,3457.82,6626.93
SKU0191,Small Appliances,Air Fryer,2024-06-18,7639.19,14183.69
SKU0192,Lighting,Pendant Light,2025-01-19,7705.14,14485.9
SKU0193,Furniture,Shelf,2025-03-30,5387.33,12082.64
SKU0194,Decor,Vase,2024-06-19,4614.65,8804.67
SKU0195,Small Appliances,Toaster,2024-02-22,3737.33,8645.21
SKU0196,Lighting,Desk Lamp,2024-11-11,1803.18,3075.86
SKU0197,Furniture,Side Table,2024-04-05,467.2,1085.7
SKU0198,Decor,Mirror,2024-08-12,2940.93,5818.34
SKU0199,Small Appliances,Toaster,2024-01-04,2682.69,5601.95
SKU0200,Lighting,Pendant Light,2024-11-12,8840.8,17693.76
